video_id,window_start_frame,window_start_sec,score,rank_in_video,feature_set,target_steps,source_split
00030_H_A_N_C5,318,5.304999828338623,0.66695636510849,1,kp7,40,val
00030_H_A_N_C5,312,5.204999923706055,0.6565325260162354,2,kp7,40,val
00030_H_A_N_C5,288,4.804999828338623,0.6479071974754333,3,kp7,40,val
00030_H_A_N_C5,282,4.704999923706055,0.647291898727417,4,kp7,40,val
00030_H_A_N_C5,306,5.105000019073486,0.6405988931655884,5,kp7,40,val
00030_H_A_N_C5,294,4.90500020980835,0.6364491581916809,6,kp7,40,val
00030_H_A_N_C5,300,5.005000114440918,0.627002477645874,7,kp7,40,val
00030_H_A_N_C5,324,5.40500020980835,0.6253320574760437,8,kp7,40,val
00030_H_A_N_C5,276,4.605000019073486,0.623531699180603,9,kp7,40,val
00030_H_A_N_C5,342,5.705999851226807,0.5580111742019653,10,kp7,40,val
00030_H_A_N_C5,270,4.505000114440918,0.5421574711799622,11,kp7,40,val
00030_H_A_N_C5,348,5.806000232696533,0.5104176998138428,12,kp7,40,val
00030_H_A_N_C5,330,5.50600004196167,0.4731829762458801,13,kp7,40,val
00030_H_A_N_C5,336,5.605999946594238,0.46450725197792053,14,kp7,40,val
00030_H_A_N_C5,264,4.4039998054504395,0.462787926197052,15,kp7,40,val
00030_H_A_N_C5,354,5.906000137329102,0.458606094121933,16,kp7,40,val
00030_H_A_N_C5,180,3.003000020980835,0.4317811131477356,17,kp7,40,val
00065_H_A_N_C8,306,5.105000019073486,0.7365017533302307,1,kp7,40,val
00065_H_A_N_C8,312,5.204999923706055,0.7256208062171936,2,kp7,40,val
00065_H_A_N_C8,318,5.304999828338623,0.7227874994277954,3,kp7,40,val
00065_H_A_N_C8,276,4.605000019073486,0.7043439149856567,4,kp7,40,val
00065_H_A_N_C8,270,4.505000114440918,0.6965159177780151,5,kp7,40,val
00065_H_A_N_C8,294,4.90500020980835,0.6871927976608276,6,kp7,40,val
00065_H_A_N_C8,300,5.005000114440918,0.6845355033874512,7,kp7,40,val
00065_H_A_N_C8,324,5.40500020980835,0.6788161396980286,8,kp7,40,val
00065_H_A_N_C8,282,4.704999923706055,0.6705970168113708,9,kp7,40,val
00065_H_A_N_C8,288,4.804999828338623,0.6346694231033325,10,kp7,40,val
00065_H_A_N_C8,330,5.50600004196167,0.6344085335731506,11,kp7,40,val
00065_H_A_N_C8,258,4.303999900817871,0.615239679813385,12,kp7,40,val
00065_H_A_N_C8,240,4.004000186920166,0.6060618758201599,13,kp7,40,val
00065_H_A_N_C8,234,3.9040000438690186,0.6025450229644775,14,kp7,40,val
00065_H_A_N_C8,264,4.4039998054504395,0.6005218029022217,15,kp7,40,val
00065_H_A_N_C8,252,4.203999996185303,0.5986169576644897,16,kp7,40,val
00065_H_A_N_C8,228,3.803999900817871,0.5960598587989807,17,kp7,40,val
00065_H_A_N_C8,246,4.104000091552734,0.5571423768997192,18,kp7,40,val
00065_H_A_N_C8,222,3.7039999961853027,0.48533234000205994,19,kp7,40,val
00065_H_A_N_C8,210,3.503999948501587,0.4538491368293762,20,kp7,40,val
00065_H_A_N_C8,336,5.605999946594238,0.4311884641647339,21,kp7,40,val
00065_H_A_N_C8,348,5.806000232696533,0.41671469807624817,22,kp7,40,val
00065_H_A_N_C8,216,3.6040000915527344,0.4033992886543274,23,kp7,40,val
00065_H_A_N_C8,342,5.705999851226807,0.40089190006256104,24,kp7,40,val
00103_H_A_N_C5,294,4.90500020980835,0.647545337677002,1,kp7,40,val
00103_H_A_N_C5,288,4.804999828338623,0.6311050653457642,2,kp7,40,val
00103_H_A_N_C5,258,4.303999900817871,0.6152886748313904,3,kp7,40,val
00103_H_A_N_C5,300,5.005000114440918,0.6131413578987122,4,kp7,40,val
00103_H_A_N_C5,264,4.4039998054504395,0.6129992008209229,5,kp7,40,val
00103_H_A_N_C5,252,4.203999996185303,0.6067487597465515,6,kp7,40,val
00103_H_A_N_C5,270,4.505000114440918,0.6034520864486694,7,kp7,40,val
00103_H_A_N_C5,276,4.605000019073486,0.6005859375,8,kp7,40,val
00103_H_A_N_C5,246,4.104000091552734,0.5842691659927368,9,kp7,40,val
00103_H_A_N_C5,282,4.704999923706055,0.5834527611732483,10,kp7,40,val
00103_H_A_N_C5,306,5.105000019073486,0.5724988579750061,11,kp7,40,val
00103_H_A_N_C5,240,4.004000186920166,0.5481385588645935,12,kp7,40,val
00103_H_A_N_C5,312,5.204999923706055,0.5423896312713623,13,kp7,40,val
00103_H_A_N_C5,348,5.806000232696533,0.5376756191253662,14,kp7,40,val
00103_H_A_N_C5,354,5.906000137329102,0.5220281481742859,15,kp7,40,val
00103_H_A_N_C5,234,3.9040000438690186,0.5036651492118835,16,kp7,40,val
00103_H_A_N_C5,342,5.705999851226807,0.464449942111969,17,kp7,40,val
00103_H_A_N_C5,360,6.00600004196167,0.4606040120124817,18,kp7,40,val
00103_H_A_N_C5,318,5.304999828338623,0.4570145308971405,19,kp7,40,val
00103_H_A_N_C5,228,3.803999900817871,0.43254217505455017,20,kp7,40,val
00121_H_A_N_C5,222,3.7039999961853027,0.7208274602890015,1,kp7,40,val
00121_H_A_N_C5,228,3.803999900817871,0.7180001139640808,2,kp7,40,val
00121_H_A_N_C5,216,3.6040000915527344,0.6935272812843323,3,kp7,40,val
00121_H_A_N_C5,210,3.503999948501587,0.6410780549049377,4,kp7,40,val
00121_H_A_N_C5,258,4.303999900817871,0.6255847811698914,5,kp7,40,val
00121_H_A_N_C5,270,4.505000114440918,0.6051831841468811,6,kp7,40,val
00121_H_A_N_C5,276,4.605000019073486,0.6004055142402649,7,kp7,40,val
00121_H_A_N_C5,264,4.4039998054504395,0.5967280268669128,8,kp7,40,val
00121_H_A_N_C5,252,4.203999996185303,0.583345353603363,9,kp7,40,val
00121_H_A_N_C5,234,3.9040000438690186,0.5810769200325012,10,kp7,40,val
00121_H_A_N_C5,204,3.4030001163482666,0.5733351707458496,11,kp7,40,val
00121_H_A_N_C5,246,4.104000091552734,0.5519230365753174,12,kp7,40,val
00121_H_A_N_C5,198,3.302999973297119,0.5475823283195496,13,kp7,40,val
00121_H_A_N_C5,240,4.004000186920166,0.5471151471138,14,kp7,40,val
00121_H_A_N_C5,192,3.203000068664551,0.5329530239105225,15,kp7,40,val
00121_H_A_N_C5,282,4.704999923706055,0.5252406597137451,16,kp7,40,val
00121_H_A_N_C5,186,3.1029999256134033,0.5174039006233215,17,kp7,40,val
00121_H_A_N_C5,288,4.804999828338623,0.4761091470718384,18,kp7,40,val
00121_H_A_N_C5,180,3.003000020980835,0.47381919622421265,19,kp7,40,val
00121_H_A_N_C5,294,4.90500020980835,0.40366873145103455,20,kp7,40,val
00160_H_A_N_C7,222,3.7039999961853027,0.9474475979804993,1,kp7,40,val
00160_H_A_N_C7,216,3.6040000915527344,0.9379759430885315,2,kp7,40,val
00160_H_A_N_C7,228,3.803999900817871,0.9362274408340454,3,kp7,40,val
00160_H_A_N_C7,306,5.105000019073486,0.9316975474357605,4,kp7,40,val
00160_H_A_N_C7,300,5.005000114440918,0.9315095543861389,5,kp7,40,val
00160_H_A_N_C7,282,4.704999923706055,0.9310545921325684,6,kp7,40,val
00160_H_A_N_C7,312,5.204999923706055,0.930557370185852,7,kp7,40,val
00160_H_A_N_C7,288,4.804999828338623,0.9294149875640869,8,kp7,40,val
00160_H_A_N_C7,276,4.605000019073486,0.9293553829193115,9,kp7,40,val
00160_H_A_N_C7,294,4.90500020980835,0.9290115237236023,10,kp7,40,val
00160_H_A_N_C7,270,4.505000114440918,0.9241673350334167,11,kp7,40,val
00160_H_A_N_C7,264,4.4039998054504395,0.9188916683197021,12,kp7,40,val
00160_H_A_N_C7,318,5.304999828338623,0.9155051708221436,13,kp7,40,val
00160_H_A_N_C7,234,3.9040000438690186,0.9149434566497803,14,kp7,40,val
00160_H_A_N_C7,258,4.303999900817871,0.9078493714332581,15,kp7,40,val
00160_H_A_N_C7,210,3.503999948501587,0.9071709513664246,16,kp7,40,val
00160_H_A_N_C7,252,4.203999996185303,0.8943650722503662,17,kp7,40,val
00160_H_A_N_C7,246,4.104000091552734,0.8843167424201965,18,kp7,40,val
00160_H_A_N_C7,324,5.40500020980835,0.8841944336891174,19,kp7,40,val
00160_H_A_N_C7,240,4.004000186920166,0.8586843013763428,20,kp7,40,val
00160_H_A_N_C7,330,5.50600004196167,0.8146678805351257,21,kp7,40,val
00160_H_A_N_C7,204,3.4030001163482666,0.7740310430526733,22,kp7,40,val
00160_H_A_N_C7,336,5.605999946594238,0.6896371245384216,23,kp7,40,val
00160_H_A_N_C7,198,3.302999973297119,0.5690906047821045,24,kp7,40,val
00160_H_A_N_C7,342,5.705999851226807,0.5370128750801086,25,kp7,40,val
00160_H_A_N_C7,192,3.203000068664551,0.4667587876319885,26,kp7,40,val
00160_H_A_N_C7,348,5.806000232696533,0.4397757053375244,27,kp7,40,val
00160_H_A_N_C7,186,3.1029999256134033,0.4352085590362549,28,kp7,40,val
00160_H_A_N_C7,180,3.003000020980835,0.40700092911720276,29,kp7,40,val
00180_H_A_N_C7,330,5.50600004196167,0.8067672252655029,1,kp7,40,val
00180_H_A_N_C7,336,5.605999946594238,0.7740896344184875,2,kp7,40,val
00180_H_A_N_C7,324,5.40500020980835,0.6238633990287781,3,kp7,40,val
00180_H_A_N_C7,312,5.204999923706055,0.6230292320251465,4,kp7,40,val
00180_H_A_N_C7,318,5.304999828338623,0.5719197392463684,5,kp7,40,val
00180_H_A_N_C7,342,5.705999851226807,0.48326575756073,6,kp7,40,val
00180_H_A_N_C7,306,5.105000019073486,0.47390666604042053,7,kp7,40,val
00180_H_A_N_C7,348,5.806000232696533,0.4113611578941345,8,kp7,40,val
00180_H_A_N_C7,354,5.906000137329102,0.3700976073741913,9,kp7,40,val
00180_H_A_N_C7,300,5.005000114440918,0.33840060234069824,10,kp7,40,val
00306_H_A_N_C5,186,3.1029999256134033,0.6935113072395325,1,kp7,40,val
00306_H_A_N_C5,192,3.203000068664551,0.6015267968177795,2,kp7,40,val
00306_H_A_N_C5,180,3.003000020980835,0.599979817867279,3,kp7,40,val
00306_H_A_N_C5,270,4.505000114440918,0.5893179178237915,4,kp7,40,val
00306_H_A_N_C5,276,4.605000019073486,0.562415599822998,5,kp7,40,val
00306_H_A_N_C5,264,4.4039998054504395,0.5599644184112549,6,kp7,40,val
00306_H_A_N_C5,258,4.303999900817871,0.497171550989151,7,kp7,40,val
00306_H_A_N_C5,282,4.704999923706055,0.49158450961112976,8,kp7,40,val
00306_H_A_N_C5,198,3.302999973297119,0.38134968280792236,9,kp7,40,val
00306_H_A_N_C5,288,4.804999828338623,0.3794836699962616,10,kp7,40,val
00346_H_A_N_C7,192,3.203000068664551,0.7448123097419739,1,kp7,40,val
00346_H_A_N_C7,186,3.1029999256134033,0.7315676212310791,2,kp7,40,val
00346_H_A_N_C7,198,3.302999973297119,0.6460080146789551,3,kp7,40,val
00346_H_A_N_C7,180,3.003000020980835,0.6146010160446167,4,kp7,40,val
00346_H_A_N_C7,204,3.4030001163482666,0.5546247363090515,5,kp7,40,val
00346_H_A_N_C7,210,3.503999948501587,0.5231901407241821,6,kp7,40,val
00346_H_A_N_C7,216,3.6040000915527344,0.4577972888946533,7,kp7,40,val
00346_H_A_N_C7,222,3.7039999961853027,0.41984111070632935,8,kp7,40,val
00346_H_A_N_C7,228,3.803999900817871,0.4040069282054901,9,kp7,40,val
00346_H_A_N_C7,246,4.104000091552734,0.3784034848213196,10,kp7,40,val
00529_H_D_N_C7,216,3.6040000915527344,0.613918125629425,1,kp7,40,val
00529_H_D_N_C7,234,3.9040000438690186,0.6024165153503418,2,kp7,40,val
00529_H_D_N_C7,222,3.7039999961853027,0.5959954261779785,3,kp7,40,val
00529_H_D_N_C7,210,3.503999948501587,0.5787137150764465,4,kp7,40,val
00529_H_D_N_C7,228,3.803999900817871,0.5577924251556396,5,kp7,40,val
00529_H_D_N_C7,186,3.1029999256134033,0.5400642156600952,6,kp7,40,val
00529_H_D_N_C7,180,3.003000020980835,0.5355450510978699,7,kp7,40,val
00529_H_D_N_C7,204,3.4030001163482666,0.5331444144248962,8,kp7,40,val
00529_H_D_N_C7,192,3.203000068664551,0.5311622023582458,9,kp7,40,val
00529_H_D_N_C7,198,3.302999973297119,0.523811399936676,10,kp7,40,val
00529_H_D_N_C7,240,4.004000186920166,0.5228491425514221,11,kp7,40,val
00529_H_D_N_C7,402,6.706999778747559,0.45067986845970154,12,kp7,40,val
00529_H_D_N_C7,396,6.60699987411499,0.4050690829753876,13,kp7,40,val
00533_H_D_N_C7,180,3.003000020980835,0.9115926027297974,1,kp7,40,val
00533_H_D_N_C7,186,3.1029999256134033,0.8845638036727905,2,kp7,40,val
00533_H_D_N_C7,192,3.203000068664551,0.7375643849372864,3,kp7,40,val
00533_H_D_N_C7,282,4.704999923706055,0.6871247291564941,4,kp7,40,val
00533_H_D_N_C7,276,4.605000019073486,0.6665177345275879,5,kp7,40,val
00533_H_D_N_C7,270,4.505000114440918,0.5927639007568359,6,kp7,40,val
00533_H_D_N_C7,198,3.302999973297119,0.5877482295036316,7,kp7,40,val
00533_H_D_N_C7,288,4.804999828338623,0.5708261728286743,8,kp7,40,val
00533_H_D_N_C7,204,3.4030001163482666,0.518463671207428,9,kp7,40,val
00533_H_D_N_C7,210,3.503999948501587,0.4485165476799011,10,kp7,40,val
00551_H_D_N_C5,276,4.605000019073486,0.6872844099998474,1,kp7,40,val
00551_H_D_N_C5,282,4.704999923706055,0.6662036180496216,2,kp7,40,val
00551_H_D_N_C5,270,4.505000114440918,0.6533434391021729,3,kp7,40,val
00551_H_D_N_C5,288,4.804999828338623,0.6294788122177124,4,kp7,40,val
00551_H_D_N_C5,294,4.90500020980835,0.5053401589393616,5,kp7,40,val
00551_H_D_N_C5,300,5.005000114440918,0.43896350264549255,6,kp7,40,val
00551_H_D_N_C5,264,4.4039998054504395,0.42625507712364197,7,kp7,40,val
00551_H_D_N_C5,306,5.105000019073486,0.3932044208049774,8,kp7,40,val
00551_H_D_N_C5,258,4.303999900817871,0.3476184904575348,9,kp7,40,val
00551_H_D_N_C5,180,3.003000020980835,0.3364965617656708,10,kp7,40,val
00599_H_D_N_C7,360,6.0,0.5942034721374512,1,kp7,40,val
00599_H_D_N_C7,366,6.099999904632568,0.5940669775009155,2,kp7,40,val
00599_H_D_N_C7,372,6.199999809265137,0.5893185138702393,3,kp7,40,val
00599_H_D_N_C7,354,5.900000095367432,0.5861029624938965,4,kp7,40,val
00599_H_D_N_C7,378,6.300000190734863,0.584447979927063,5,kp7,40,val
00599_H_D_N_C7,348,5.800000190734863,0.5791729092597961,6,kp7,40,val
00599_H_D_N_C7,384,6.400000095367432,0.5653453469276428,7,kp7,40,val
00599_H_D_N_C7,342,5.699999809265137,0.5611063838005066,8,kp7,40,val
00599_H_D_N_C7,390,6.5,0.542683482170105,9,kp7,40,val
00599_H_D_N_C7,396,6.599999904632568,0.5391520261764526,10,kp7,40,val
00599_H_D_N_C7,336,5.599999904632568,0.538375735282898,11,kp7,40,val
00599_H_D_N_C7,408,6.800000190734863,0.5256734490394592,12,kp7,40,val
00599_H_D_N_C7,402,6.699999809265137,0.5235598087310791,13,kp7,40,val
00599_H_D_N_C7,330,5.5,0.5194922685623169,14,kp7,40,val
00599_H_D_N_C7,324,5.400000095367432,0.492575079202652,15,kp7,40,val
00599_H_D_N_C7,414,6.900000095367432,0.4701975882053375,16,kp7,40,val
00599_H_D_N_C7,318,5.300000190734863,0.44593214988708496,17,kp7,40,val
00599_H_D_N_C7,420,7.0,0.4332970082759857,18,kp7,40,val
00612_H_D_N_C5,192,3.200000047683716,0.850999653339386,1,kp7,40,val
00612_H_D_N_C5,180,3.0,0.848876416683197,2,kp7,40,val
00612_H_D_N_C5,186,3.0999999046325684,0.8444905281066895,3,kp7,40,val
00612_H_D_N_C5,198,3.299999952316284,0.8371108770370483,4,kp7,40,val
00612_H_D_N_C5,204,3.4000000953674316,0.8030682802200317,5,kp7,40,val
00612_H_D_N_C5,210,3.5,0.7841057777404785,6,kp7,40,val
00612_H_D_N_C5,222,3.700000047683716,0.7768555879592896,7,kp7,40,val
00612_H_D_N_C5,216,3.5999999046325684,0.7430906891822815,8,kp7,40,val
00612_H_D_N_C5,228,3.799999952316284,0.7010467648506165,9,kp7,40,val
00612_H_D_N_C5,234,3.9000000953674316,0.553217887878418,10,kp7,40,val
00612_H_D_N_C5,240,4.0,0.49842530488967896,11,kp7,40,val
00612_H_D_N_C5,246,4.099999904632568,0.4915286898612976,12,kp7,40,val
00612_H_D_N_C5,252,4.199999809265137,0.4700818657875061,13,kp7,40,val
00699_H_D_N_C8,258,4.300000190734863,0.924618124961853,1,kp7,40,val
00699_H_D_N_C8,252,4.199999809265137,0.9213252067565918,2,kp7,40,val
00699_H_D_N_C8,246,4.099999904632568,0.9151206612586975,3,kp7,40,val
00699_H_D_N_C8,240,4.0,0.9141778945922852,4,kp7,40,val
00699_H_D_N_C8,288,4.800000190734863,0.9130042195320129,5,kp7,40,val
00699_H_D_N_C8,264,4.400000095367432,0.9115541577339172,6,kp7,40,val
00699_H_D_N_C8,282,4.699999809265137,0.9104045033454895,7,kp7,40,val
00699_H_D_N_C8,234,3.9000000953674316,0.9070459604263306,8,kp7,40,val
00699_H_D_N_C8,276,4.599999904632568,0.9047815799713135,9,kp7,40,val
00699_H_D_N_C8,228,3.799999952316284,0.8909762501716614,10,kp7,40,val
00699_H_D_N_C8,294,4.900000095367432,0.8817599415779114,11,kp7,40,val
00699_H_D_N_C8,270,4.5,0.8641461730003357,12,kp7,40,val
00699_H_D_N_C8,222,3.700000047683716,0.8621948957443237,13,kp7,40,val
00699_H_D_N_C8,216,3.5999999046325684,0.7607755064964294,14,kp7,40,val
00699_H_D_N_C8,300,5.0,0.7590184807777405,15,kp7,40,val
00699_H_D_N_C8,210,3.5,0.6506189107894897,16,kp7,40,val
00699_H_D_N_C8,204,3.4000000953674316,0.6174454689025879,17,kp7,40,val
00699_H_D_N_C8,198,3.299999952316284,0.6173005104064941,18,kp7,40,val
00699_H_D_N_C8,306,5.099999904632568,0.48153242468833923,19,kp7,40,val
00699_H_D_N_C8,192,3.200000047683716,0.4150371551513672,20,kp7,40,val
00962_O_E_N_C5,192,3.203000068664551,0.6130185723304749,1,kp7,40,val
00962_O_E_N_C5,186,3.1029999256134033,0.6019418239593506,2,kp7,40,val
00962_O_E_N_C5,180,3.003000020980835,0.5282447934150696,3,kp7,40,val
00962_O_E_N_C5,198,3.302999973297119,0.48329004645347595,4,kp7,40,val
00962_O_E_N_C5,204,3.4030001163482666,0.3015470802783966,5,kp7,40,val
00962_O_E_N_C5,228,3.803999900817871,0.2869867980480194,6,kp7,40,val
00962_O_E_N_C5,222,3.7039999961853027,0.28253990411758423,7,kp7,40,val
00962_O_E_N_C5,210,3.503999948501587,0.27928823232650757,8,kp7,40,val
00962_O_E_N_C5,216,3.6040000915527344,0.2649114429950714,9,kp7,40,val
00962_O_E_N_C5,234,3.9040000438690186,0.2609810531139374,10,kp7,40,val
00962_O_E_N_C8,198,3.302999973297119,0.8863387107849121,1,kp7,40,val
00962_O_E_N_C8,192,3.203000068664551,0.8773831129074097,2,kp7,40,val
00962_O_E_N_C8,204,3.4030001163482666,0.8442230224609375,3,kp7,40,val
00962_O_E_N_C8,270,4.505000114440918,0.84086674451828,4,kp7,40,val
00962_O_E_N_C8,186,3.1029999256134033,0.8207769393920898,5,kp7,40,val
00962_O_E_N_C8,264,4.4039998054504395,0.8088682293891907,6,kp7,40,val
00962_O_E_N_C8,210,3.503999948501587,0.8085713386535645,7,kp7,40,val
00962_O_E_N_C8,216,3.6040000915527344,0.7988675832748413,8,kp7,40,val
00962_O_E_N_C8,222,3.7039999961853027,0.7915813326835632,9,kp7,40,val
00962_O_E_N_C8,228,3.803999900817871,0.7908254265785217,10,kp7,40,val
00962_O_E_N_C8,258,4.303999900817871,0.785165011882782,11,kp7,40,val
00962_O_E_N_C8,234,3.9040000438690186,0.7759391665458679,12,kp7,40,val
00962_O_E_N_C8,240,4.004000186920166,0.7547558546066284,13,kp7,40,val
00962_O_E_N_C8,252,4.203999996185303,0.745543360710144,14,kp7,40,val
00962_O_E_N_C8,246,4.104000091552734,0.7285104393959045,15,kp7,40,val
00962_O_E_N_C8,276,4.605000019073486,0.7273254990577698,16,kp7,40,val
00962_O_E_N_C8,180,3.003000020980835,0.7178314328193665,17,kp7,40,val
00962_O_E_N_C8,282,4.704999923706055,0.6005973815917969,18,kp7,40,val
00962_O_E_N_C8,288,4.804999828338623,0.4682111442089081,19,kp7,40,val
00962_O_E_N_C8,294,4.90500020980835,0.43311482667922974,20,kp7,40,val
01015_O_E_N_C6,276,4.605000019073486,0.8353041410446167,1,kp7,40,val
01015_O_E_N_C6,270,4.505000114440918,0.783719539642334,2,kp7,40,val
01015_O_E_N_C6,282,4.704999923706055,0.7624778151512146,3,kp7,40,val
01015_O_E_N_C6,288,4.804999828338623,0.7468599081039429,4,kp7,40,val
01015_O_E_N_C6,294,4.90500020980835,0.7276351451873779,5,kp7,40,val
01015_O_E_N_C6,264,4.4039998054504395,0.6219733357429504,6,kp7,40,val
01015_O_E_N_C6,300,5.005000114440918,0.5615549683570862,7,kp7,40,val
01015_O_E_N_C6,258,4.303999900817871,0.5275129675865173,8,kp7,40,val
01015_O_E_N_C6,252,4.203999996185303,0.49606990814208984,9,kp7,40,val
01015_O_E_N_C6,306,5.105000019073486,0.45410823822021484,10,kp7,40,val
01015_O_E_N_C6,330,5.50600004196167,0.4521426856517792,11,kp7,40,val
01015_O_E_N_C6,336,5.605999946594238,0.43674778938293457,12,kp7,40,val
01015_O_E_N_C6,360,6.00600004196167,0.4357215166091919,13,kp7,40,val
01015_O_E_N_C6,324,5.40500020980835,0.4340269863605499,14,kp7,40,val
01015_O_E_N_C6,354,5.906000137329102,0.4241636395454407,15,kp7,40,val
01015_O_E_N_C6,366,6.105999946594238,0.41213923692703247,16,kp7,40,val
01015_O_E_N_C6,312,5.204999923706055,0.4074428677558899,17,kp7,40,val
01015_O_E_N_C6,318,5.304999828338623,0.4023032486438751,18,kp7,40,val
01066_O_E_N_C6,204,3.4030001163482666,0.7054876685142517,1,kp7,40,val
01066_O_E_N_C6,210,3.503999948501587,0.6591815948486328,2,kp7,40,val
01066_O_E_N_C6,198,3.302999973297119,0.6280138492584229,3,kp7,40,val
01066_O_E_N_C6,186,3.1029999256134033,0.537635326385498,4,kp7,40,val
01066_O_E_N_C6,192,3.203000068664551,0.5349660515785217,5,kp7,40,val
01066_O_E_N_C6,216,3.6040000915527344,0.503831684589386,6,kp7,40,val
01066_O_E_N_C6,222,3.7039999961853027,0.42792877554893494,7,kp7,40,val
01066_O_E_N_C6,228,3.803999900817871,0.39841532707214355,8,kp7,40,val
01066_O_E_N_C6,234,3.9040000438690186,0.33359861373901367,9,kp7,40,val
01066_O_E_N_C6,180,3.003000020980835,0.3052305579185486,10,kp7,40,val
01082_O_E_N_C5,300,5.005000114440918,0.646067202091217,1,kp7,40,val
01082_O_E_N_C5,306,5.105000019073486,0.6423046588897705,2,kp7,40,val
01082_O_E_N_C5,312,5.204999923706055,0.6343196034431458,3,kp7,40,val
01082_O_E_N_C5,294,4.90500020980835,0.6302300691604614,4,kp7,40,val
01082_O_E_N_C5,318,5.304999828338623,0.6250554323196411,5,kp7,40,val
01082_O_E_N_C5,324,5.40500020980835,0.6177544593811035,6,kp7,40,val
01082_O_E_N_C5,342,5.705999851226807,0.5959856510162354,7,kp7,40,val
01082_O_E_N_C5,330,5.50600004196167,0.5951789021492004,8,kp7,40,val
01082_O_E_N_C5,288,4.804999828338623,0.5940307974815369,9,kp7,40,val
01082_O_E_N_C5,336,5.605999946594238,0.5861570239067078,10,kp7,40,val
01082_O_E_N_C5,282,4.704999923706055,0.5809947848320007,11,kp7,40,val
01082_O_E_N_C5,276,4.605000019073486,0.5804775953292847,12,kp7,40,val
01082_O_E_N_C5,270,4.505000114440918,0.572380006313324,13,kp7,40,val
01082_O_E_N_C5,348,5.806000232696533,0.5587090849876404,14,kp7,40,val
01082_O_E_N_C5,264,4.4039998054504395,0.5532690286636353,15,kp7,40,val
01082_O_E_N_C5,258,4.303999900817871,0.5049285888671875,16,kp7,40,val
01082_O_E_N_C5,354,5.906000137329102,0.5015784502029419,17,kp7,40,val
01082_O_E_N_C5,252,4.203999996185303,0.4604668915271759,18,kp7,40,val
01082_O_E_N_C5,360,6.00600004196167,0.4514324963092804,19,kp7,40,val
01090_O_E_N_C8,216,3.6040000915527344,0.8524351716041565,1,kp7,40,val
01090_O_E_N_C8,210,3.503999948501587,0.8499302864074707,2,kp7,40,val
01090_O_E_N_C8,180,3.003000020980835,0.8051550984382629,3,kp7,40,val
01090_O_E_N_C8,204,3.4030001163482666,0.7990956902503967,4,kp7,40,val
01090_O_E_N_C8,198,3.302999973297119,0.7665176391601562,5,kp7,40,val
01090_O_E_N_C8,186,3.1029999256134033,0.7616706490516663,6,kp7,40,val
01090_O_E_N_C8,192,3.203000068664551,0.7558375597000122,7,kp7,40,val
01090_O_E_N_C8,222,3.7039999961853027,0.7442240715026855,8,kp7,40,val
01090_O_E_N_C8,228,3.803999900817871,0.516535758972168,9,kp7,40,val
01090_O_E_N_C8,234,3.9040000438690186,0.3580397665500641,10,kp7,40,val
01096_O_E_N_C7,186,3.0999999046325684,0.7306680679321289,1,kp7,40,val
01096_O_E_N_C7,204,3.4000000953674316,0.7010459899902344,2,kp7,40,val
01096_O_E_N_C7,210,3.5,0.6976400017738342,3,kp7,40,val
01096_O_E_N_C7,198,3.299999952316284,0.6676251292228699,4,kp7,40,val
01096_O_E_N_C7,180,3.0,0.6535305380821228,5,kp7,40,val
01096_O_E_N_C7,192,3.200000047683716,0.6451762914657593,6,kp7,40,val
01096_O_E_N_C7,216,3.5999999046325684,0.6189440488815308,7,kp7,40,val
01096_O_E_N_C7,234,3.9000000953674316,0.5498959422111511,8,kp7,40,val
01096_O_E_N_C7,240,4.0,0.5427236557006836,9,kp7,40,val
01096_O_E_N_C7,246,4.099999904632568,0.519473671913147,10,kp7,40,val
01096_O_E_N_C7,228,3.799999952316284,0.50318443775177,11,kp7,40,val
01096_O_E_N_C7,276,4.599999904632568,0.49958398938179016,12,kp7,40,val
01096_O_E_N_C7,222,3.700000047683716,0.49008697271347046,13,kp7,40,val
01096_O_E_N_C7,270,4.5,0.46960994601249695,14,kp7,40,val
01096_O_E_N_C7,264,4.400000095367432,0.465735524892807,15,kp7,40,val
01096_O_E_N_C7,252,4.199999809265137,0.4610665440559387,16,kp7,40,val
01096_O_E_N_C7,258,4.300000190734863,0.4554782509803772,17,kp7,40,val
01096_O_E_N_C7,282,4.699999809265137,0.42269280552864075,18,kp7,40,val
01162_O_E_N_C8,204,3.4000000953674316,0.651188313961029,1,kp7,40,val
01162_O_E_N_C8,198,3.299999952316284,0.6213406920433044,2,kp7,40,val
01162_O_E_N_C8,216,3.5999999046325684,0.6192943453788757,3,kp7,40,val
01162_O_E_N_C8,222,3.700000047683716,0.612285315990448,4,kp7,40,val
01162_O_E_N_C8,192,3.200000047683716,0.6112606525421143,5,kp7,40,val
01162_O_E_N_C8,180,3.0,0.5848780870437622,6,kp7,40,val
01162_O_E_N_C8,186,3.0999999046325684,0.5705947279930115,7,kp7,40,val
01162_O_E_N_C8,228,3.799999952316284,0.5600581169128418,8,kp7,40,val
01162_O_E_N_C8,210,3.5,0.5436708927154541,9,kp7,40,val
01162_O_E_N_C8,234,3.9000000953674316,0.5277332663536072,10,kp7,40,val
01162_O_E_N_C8,264,4.400000095367432,0.5230653882026672,11,kp7,40,val
01162_O_E_N_C8,240,4.0,0.489481657743454,12,kp7,40,val
01162_O_E_N_C8,258,4.300000190734863,0.4609021544456482,13,kp7,40,val
01162_O_E_N_C8,270,4.5,0.45355159044265747,14,kp7,40,val
01162_O_E_N_C8,246,4.099999904632568,0.45234954357147217,15,kp7,40,val
01162_O_E_N_C8,252,4.199999809265137,0.4370220899581909,16,kp7,40,val
01167_O_E_N_C5,264,4.400000095367432,0.5802575945854187,1,kp7,40,val
01167_O_E_N_C5,270,4.5,0.5664847493171692,2,kp7,40,val
01167_O_E_N_C5,258,4.300000190734863,0.5651630759239197,3,kp7,40,val
01167_O_E_N_C5,276,4.599999904632568,0.5484215617179871,4,kp7,40,val
01167_O_E_N_C5,300,5.0,0.5315460562705994,5,kp7,40,val
01167_O_E_N_C5,294,4.900000095367432,0.5279150009155273,6,kp7,40,val
01167_O_E_N_C5,252,4.199999809265137,0.5274120569229126,7,kp7,40,val
01167_O_E_N_C5,312,5.199999809265137,0.5264794826507568,8,kp7,40,val
01167_O_E_N_C5,306,5.099999904632568,0.5247024893760681,9,kp7,40,val
01167_O_E_N_C5,282,4.699999809265137,0.5102167129516602,10,kp7,40,val
01167_O_E_N_C5,288,4.800000190734863,0.5093060731887817,11,kp7,40,val
01167_O_E_N_C5,318,5.300000190734863,0.49951568245887756,12,kp7,40,val
01167_O_E_N_C5,246,4.099999904632568,0.4620221257209778,13,kp7,40,val
01167_O_E_N_C5,324,5.400000095367432,0.4515308439731598,14,kp7,40,val
01167_O_E_N_C5,342,5.699999809265137,0.43202611804008484,15,kp7,40,val
01167_O_E_N_C5,240,4.0,0.42685607075691223,16,kp7,40,val
01167_O_E_N_C5,348,5.800000190734863,0.4134247601032257,17,kp7,40,val
01167_O_E_N_C5,234,3.9000000953674316,0.4056236147880554,18,kp7,40,val
01198_O_E_N_C6,204,3.4000000953674316,0.7232758402824402,1,kp7,40,val
01198_O_E_N_C6,210,3.5,0.7045274376869202,2,kp7,40,val
01198_O_E_N_C6,192,3.200000047683716,0.6910961866378784,3,kp7,40,val
01198_O_E_N_C6,186,3.0999999046325684,0.68304443359375,4,kp7,40,val
01198_O_E_N_C6,198,3.299999952316284,0.6820729970932007,5,kp7,40,val
01198_O_E_N_C6,180,3.0,0.6723063588142395,6,kp7,40,val
01198_O_E_N_C6,216,3.5999999046325684,0.5958324074745178,7,kp7,40,val
01198_O_E_N_C6,222,3.700000047683716,0.541780412197113,8,kp7,40,val
01198_O_E_N_C6,228,3.799999952316284,0.4875369668006897,9,kp7,40,val
01198_O_E_N_C6,234,3.9000000953674316,0.45967939496040344,10,kp7,40,val
01198_O_E_N_C6,240,4.0,0.4001355767250061,11,kp7,40,val
01212_O_E_N_C7,324,5.400000095367432,0.5903658866882324,1,kp7,40,val
01212_O_E_N_C7,318,5.300000190734863,0.5525762438774109,2,kp7,40,val
01212_O_E_N_C7,330,5.5,0.5436373353004456,3,kp7,40,val
01212_O_E_N_C7,354,5.900000095367432,0.4872817099094391,4,kp7,40,val
01212_O_E_N_C7,348,5.800000190734863,0.48640885949134827,5,kp7,40,val
01212_O_E_N_C7,342,5.699999809265137,0.47486063838005066,6,kp7,40,val
01212_O_E_N_C7,300,5.0,0.4716678559780121,7,kp7,40,val
01212_O_E_N_C7,336,5.599999904632568,0.46712929010391235,8,kp7,40,val
01212_O_E_N_C7,294,4.900000095367432,0.4609214961528778,9,kp7,40,val
01212_O_E_N_C7,312,5.199999809265137,0.4539776146411896,10,kp7,40,val
01212_O_E_N_C7,306,5.099999904632568,0.44464895129203796,11,kp7,40,val
01212_O_E_N_C7,288,4.800000190734863,0.440845251083374,12,kp7,40,val
01212_O_E_N_C7,282,4.699999809265137,0.4359760582447052,13,kp7,40,val
01212_O_E_N_C7,360,6.0,0.4351177513599396,14,kp7,40,val
01212_O_E_N_C7,276,4.599999904632568,0.423825204372406,15,kp7,40,val
01217_O_E_N_C7,408,6.800000190734863,0.6921831965446472,1,kp7,40,val
01217_O_E_N_C7,390,6.5,0.6442305445671082,2,kp7,40,val
01217_O_E_N_C7,420,7.0,0.64275062084198,3,kp7,40,val
01217_O_E_N_C7,396,6.599999904632568,0.6420263648033142,4,kp7,40,val
01217_O_E_N_C7,384,6.400000095367432,0.633192777633667,5,kp7,40,val
01217_O_E_N_C7,402,6.699999809265137,0.6264265179634094,6,kp7,40,val
01217_O_E_N_C7,414,6.900000095367432,0.6196627616882324,7,kp7,40,val
01217_O_E_N_C7,378,6.300000190734863,0.6090847253799438,8,kp7,40,val
01217_O_E_N_C7,372,6.199999809265137,0.5760592222213745,9,kp7,40,val
01217_O_E_N_C7,366,6.099999904632568,0.5476616621017456,10,kp7,40,val
01217_O_E_N_C7,360,6.0,0.5310605764389038,11,kp7,40,val
01217_O_E_N_C7,336,5.599999904632568,0.5293224453926086,12,kp7,40,val
01217_O_E_N_C7,342,5.699999809265137,0.5264831185340881,13,kp7,40,val
01217_O_E_N_C7,354,5.900000095367432,0.5208860039710999,14,kp7,40,val
01217_O_E_N_C7,324,5.400000095367432,0.5135987997055054,15,kp7,40,val
01217_O_E_N_C7,348,5.800000190734863,0.5112168192863464,16,kp7,40,val
01217_O_E_N_C7,330,5.5,0.510440468788147,17,kp7,40,val
01217_O_E_N_C7,318,5.300000190734863,0.48306524753570557,18,kp7,40,val
01217_O_E_N_C7,306,5.099999904632568,0.4377650320529938,19,kp7,40,val
01217_O_E_N_C7,312,5.199999809265137,0.4147898256778717,20,kp7,40,val
01224_O_E_N_C8,198,3.299999952316284,0.9093385338783264,1,kp7,40,val
01224_O_E_N_C8,204,3.4000000953674316,0.8776905536651611,2,kp7,40,val
01224_O_E_N_C8,210,3.5,0.8279967308044434,3,kp7,40,val
01224_O_E_N_C8,192,3.200000047683716,0.8161226511001587,4,kp7,40,val
01224_O_E_N_C8,186,3.0999999046325684,0.6424642205238342,5,kp7,40,val
01224_O_E_N_C8,216,3.5999999046325684,0.6372302174568176,6,kp7,40,val
01224_O_E_N_C8,180,3.0,0.40126630663871765,7,kp7,40,val
01224_O_E_N_C8,222,3.700000047683716,0.3752349317073822,8,kp7,40,val
01224_O_E_N_C8,228,3.799999952316284,0.2863496243953705,9,kp7,40,val
01224_O_E_N_C8,384,6.400000095367432,0.24965840578079224,10,kp7,40,val
01235_O_E_N_C6,270,4.5,0.6089261174201965,1,kp7,40,val
01235_O_E_N_C6,264,4.400000095367432,0.5919328927993774,2,kp7,40,val
01235_O_E_N_C6,258,4.300000190734863,0.5764342546463013,3,kp7,40,val
01235_O_E_N_C6,252,4.199999809265137,0.5688722133636475,4,kp7,40,val
01235_O_E_N_C6,276,4.599999904632568,0.5542730093002319,5,kp7,40,val
01235_O_E_N_C6,246,4.099999904632568,0.5414969325065613,6,kp7,40,val
01235_O_E_N_C6,240,4.0,0.5162473917007446,7,kp7,40,val
01235_O_E_N_C6,282,4.699999809265137,0.5074514150619507,8,kp7,40,val
01235_O_E_N_C6,234,3.9000000953674316,0.4873057007789612,9,kp7,40,val
01235_O_E_N_C6,288,4.800000190734863,0.4631417989730835,10,kp7,40,val
01235_O_E_N_C6,228,3.799999952316284,0.463042289018631,11,kp7,40,val
01235_O_E_N_C6,222,3.700000047683716,0.4494718611240387,12,kp7,40,val
01235_O_E_N_C6,216,3.5999999046325684,0.4380209445953369,13,kp7,40,val
01235_O_E_N_C6,210,3.5,0.4265240728855133,14,kp7,40,val
01235_O_E_N_C6,204,3.4000000953674316,0.4091472327709198,15,kp7,40,val
01235_O_E_N_C6,294,4.900000095367432,0.4006538689136505,16,kp7,40,val
01243_O_E_N_C7,282,4.699999809265137,0.9200553894042969,1,kp7,40,val
01243_O_E_N_C7,264,4.400000095367432,0.9196856021881104,2,kp7,40,val
01243_O_E_N_C7,288,4.800000190734863,0.9194579124450684,3,kp7,40,val
01243_O_E_N_C7,258,4.300000190734863,0.9178533554077148,4,kp7,40,val
01243_O_E_N_C7,270,4.5,0.9175054430961609,5,kp7,40,val
01243_O_E_N_C7,276,4.599999904632568,0.9172387719154358,6,kp7,40,val
01243_O_E_N_C7,234,3.9000000953674316,0.9170096516609192,7,kp7,40,val
01243_O_E_N_C7,252,4.199999809265137,0.9163581132888794,8,kp7,40,val
01243_O_E_N_C7,228,3.799999952316284,0.9157739877700806,9,kp7,40,val
01243_O_E_N_C7,294,4.900000095367432,0.9154642820358276,10,kp7,40,val
01243_O_E_N_C7,240,4.0,0.9121899008750916,11,kp7,40,val
01243_O_E_N_C7,300,5.0,0.9114612340927124,12,kp7,40,val
01243_O_E_N_C7,246,4.099999904632568,0.9114029407501221,13,kp7,40,val
01243_O_E_N_C7,306,5.099999904632568,0.9003947973251343,14,kp7,40,val
01243_O_E_N_C7,312,5.199999809265137,0.870725154876709,15,kp7,40,val
01243_O_E_N_C7,222,3.700000047683716,0.866075873374939,16,kp7,40,val
01243_O_E_N_C7,216,3.5999999046325684,0.8615280985832214,17,kp7,40,val
01243_O_E_N_C7,318,5.300000190734863,0.7970923781394958,18,kp7,40,val
01243_O_E_N_C7,210,3.5,0.7475717067718506,19,kp7,40,val
01243_O_E_N_C7,324,5.400000095367432,0.7089176177978516,20,kp7,40,val
01243_O_E_N_C7,330,5.5,0.6815226674079895,21,kp7,40,val
01243_O_E_N_C7,336,5.599999904632568,0.6331683397293091,22,kp7,40,val
01243_O_E_N_C7,342,5.699999809265137,0.6181884407997131,23,kp7,40,val
01243_O_E_N_C7,348,5.800000190734863,0.5556107759475708,24,kp7,40,val
01243_O_E_N_C7,354,5.900000095367432,0.48419949412345886,25,kp7,40,val
01243_O_E_N_C7,204,3.4000000953674316,0.4540851414203644,26,kp7,40,val
01243_O_E_N_C7,360,6.0,0.4237852692604065,27,kp7,40,val
01243_O_E_N_C7,198,3.299999952316284,0.4020857810974121,28,kp7,40,val
01251_O_E_N_C7,258,4.300000190734863,0.613049328327179,1,kp7,40,val
01251_O_E_N_C7,270,4.5,0.6059396862983704,2,kp7,40,val
01251_O_E_N_C7,252,4.199999809265137,0.5976873636245728,3,kp7,40,val
01251_O_E_N_C7,264,4.400000095367432,0.5954903960227966,4,kp7,40,val
01251_O_E_N_C7,282,4.699999809265137,0.5949079990386963,5,kp7,40,val
01251_O_E_N_C7,276,4.599999904632568,0.5869532823562622,6,kp7,40,val
01251_O_E_N_C7,288,4.800000190734863,0.5705308318138123,7,kp7,40,val
01251_O_E_N_C7,294,4.900000095367432,0.5650878548622131,8,kp7,40,val
01251_O_E_N_C7,246,4.099999904632568,0.5465303063392639,9,kp7,40,val
01251_O_E_N_C7,300,5.0,0.5317524075508118,10,kp7,40,val
01251_O_E_N_C7,240,4.0,0.522805392742157,11,kp7,40,val
01251_O_E_N_C7,306,5.099999904632568,0.5169369578361511,12,kp7,40,val
01251_O_E_N_C7,312,5.199999809265137,0.48675990104675293,13,kp7,40,val
01251_O_E_N_C7,234,3.9000000953674316,0.48331931233406067,14,kp7,40,val
01251_O_E_N_C7,228,3.799999952316284,0.4721742272377014,15,kp7,40,val
01251_O_E_N_C7,222,3.700000047683716,0.44544529914855957,16,kp7,40,val
01251_O_E_N_C7,318,5.300000190734863,0.43170180916786194,17,kp7,40,val
01251_O_E_N_C7,216,3.5999999046325684,0.4172097146511078,18,kp7,40,val
01510_O_F_N_C7,420,7.006999969482422,0.7562037110328674,1,kp7,40,val
01510_O_F_N_C7,414,6.9070000648498535,0.7331089377403259,2,kp7,40,val
01510_O_F_N_C7,408,6.807000160217285,0.7071329355239868,3,kp7,40,val
01510_O_F_N_C7,396,6.60699987411499,0.6971150636672974,4,kp7,40,val
01510_O_F_N_C7,390,6.50600004196167,0.691836416721344,5,kp7,40,val
01510_O_F_N_C7,402,6.706999778747559,0.6742884516716003,6,kp7,40,val
01510_O_F_N_C7,360,6.00600004196167,0.6181209087371826,7,kp7,40,val
01510_O_F_N_C7,366,6.105999946594238,0.5368114709854126,8,kp7,40,val
01510_O_F_N_C7,384,6.406000137329102,0.5221450924873352,9,kp7,40,val
01510_O_F_N_C7,372,6.205999851226807,0.5134943127632141,10,kp7,40,val
01510_O_F_N_C7,354,5.906000137329102,0.49705588817596436,11,kp7,40,val
01510_O_F_N_C7,378,6.306000232696533,0.4872526228427887,12,kp7,40,val
01547_O_E_N_C8,384,6.406000137329102,0.6134131550788879,1,kp7,40,val
01547_O_E_N_C8,378,6.306000232696533,0.6122590899467468,2,kp7,40,val
01547_O_E_N_C8,372,6.205999851226807,0.6092150807380676,3,kp7,40,val
01547_O_E_N_C8,366,6.105999946594238,0.5891587734222412,4,kp7,40,val
01547_O_E_N_C8,222,3.7039999961853027,0.5683236122131348,5,kp7,40,val
01547_O_E_N_C8,216,3.6040000915527344,0.5635955333709717,6,kp7,40,val
01547_O_E_N_C8,204,3.4030001163482666,0.5624524354934692,7,kp7,40,val
01547_O_E_N_C8,228,3.803999900817871,0.5510053634643555,8,kp7,40,val
01547_O_E_N_C8,198,3.302999973297119,0.5484675765037537,9,kp7,40,val
01547_O_E_N_C8,390,6.50600004196167,0.5474112629890442,10,kp7,40,val
01547_O_E_N_C8,360,6.00600004196167,0.5467045307159424,11,kp7,40,val
01547_O_E_N_C8,234,3.9040000438690186,0.5407320857048035,12,kp7,40,val
01547_O_E_N_C8,240,4.004000186920166,0.5345814824104309,13,kp7,40,val
01547_O_E_N_C8,276,4.605000019073486,0.5330833196640015,14,kp7,40,val
01547_O_E_N_C8,396,6.60699987411499,0.5235193371772766,15,kp7,40,val
01547_O_E_N_C8,402,6.706999778747559,0.5202429890632629,16,kp7,40,val
01547_O_E_N_C8,270,4.505000114440918,0.5164794921875,17,kp7,40,val
01547_O_E_N_C8,210,3.503999948501587,0.509168267250061,18,kp7,40,val
01547_O_E_N_C8,288,4.804999828338623,0.5077328085899353,19,kp7,40,val
01547_O_E_N_C8,420,7.006999969482422,0.5067435503005981,20,kp7,40,val
01547_O_E_N_C8,354,5.906000137329102,0.5032774209976196,21,kp7,40,val
01547_O_E_N_C8,282,4.704999923706055,0.5017637610435486,22,kp7,40,val
01547_O_E_N_C8,414,6.9070000648498535,0.49902379512786865,23,kp7,40,val
01547_O_E_N_C8,252,4.203999996185303,0.4984641969203949,24,kp7,40,val
01547_O_E_N_C8,246,4.104000091552734,0.49544262886047363,25,kp7,40,val
01547_O_E_N_C8,408,6.807000160217285,0.47719764709472656,26,kp7,40,val
01547_O_E_N_C8,264,4.4039998054504395,0.47546347975730896,27,kp7,40,val
01547_O_E_N_C8,348,5.806000232696533,0.4709911048412323,28,kp7,40,val
01547_O_E_N_C8,258,4.303999900817871,0.46406006813049316,29,kp7,40,val
01547_O_E_N_C8,294,4.90500020980835,0.44758936762809753,30,kp7,40,val
01547_O_E_N_C8,342,5.705999851226807,0.4316464364528656,31,kp7,40,val
01547_O_E_N_C8,192,3.203000068664551,0.42024338245391846,32,kp7,40,val
01547_O_E_N_C8,336,5.605999946594238,0.4098123610019684,33,kp7,40,val
01591_L_F_N_C8,282,4.704999923706055,0.5751590132713318,1,kp7,40,val
01591_L_F_N_C8,276,4.605000019073486,0.5712078213691711,2,kp7,40,val
01591_L_F_N_C8,288,4.804999828338623,0.5663254261016846,3,kp7,40,val
01591_L_F_N_C8,270,4.505000114440918,0.5567981004714966,4,kp7,40,val
01591_L_F_N_C8,264,4.4039998054504395,0.5434703230857849,5,kp7,40,val
01591_L_F_N_C8,294,4.90500020980835,0.540569007396698,6,kp7,40,val
01591_L_F_N_C8,258,4.303999900817871,0.5340686440467834,7,kp7,40,val
01591_L_F_N_C8,252,4.203999996185303,0.5045648813247681,8,kp7,40,val
01591_L_F_N_C8,246,4.104000091552734,0.4565942585468292,9,kp7,40,val
01591_L_F_N_C8,300,5.005000114440918,0.45658019185066223,10,kp7,40,val
01591_L_F_N_C8,240,4.004000186920166,0.4359831213951111,11,kp7,40,val
01924_Y_E_N_C8,216,3.6040000915527344,0.7899401783943176,1,kp7,40,val
01924_Y_E_N_C8,222,3.7039999961853027,0.7428256273269653,2,kp7,40,val
01924_Y_E_N_C8,246,4.104000091552734,0.68935626745224,3,kp7,40,val
01924_Y_E_N_C8,210,3.503999948501587,0.683131754398346,4,kp7,40,val
01924_Y_E_N_C8,228,3.803999900817871,0.6679245233535767,5,kp7,40,val
01924_Y_E_N_C8,252,4.203999996185303,0.665570855140686,6,kp7,40,val
01924_Y_E_N_C8,234,3.9040000438690186,0.6378312706947327,7,kp7,40,val
01924_Y_E_N_C8,240,4.004000186920166,0.6306902766227722,8,kp7,40,val
01924_Y_E_N_C8,204,3.4030001163482666,0.5558425784111023,9,kp7,40,val
01924_Y_E_N_C8,258,4.303999900817871,0.5353372693061829,10,kp7,40,val
01924_Y_E_N_C8,198,3.302999973297119,0.42543038725852966,11,kp7,40,val
01924_Y_E_N_C8,264,4.4039998054504395,0.4220295548439026,12,kp7,40,val
01924_Y_E_N_C8,282,4.704999923706055,0.41254669427871704,13,kp7,40,val
01924_Y_E_N_C8,276,4.605000019073486,0.4031611382961273,14,kp7,40,val
01946_Y_A_N_C7,240,4.004000186920166,0.8086507320404053,1,kp7,40,val
01946_Y_A_N_C7,234,3.9040000438690186,0.7677716612815857,2,kp7,40,val
01946_Y_A_N_C7,228,3.803999900817871,0.7652189135551453,3,kp7,40,val
01946_Y_A_N_C7,222,3.7039999961853027,0.7586011290550232,4,kp7,40,val
01946_Y_A_N_C7,246,4.104000091552734,0.7241756319999695,5,kp7,40,val
01946_Y_A_N_C7,216,3.6040000915527344,0.6838265061378479,6,kp7,40,val
01946_Y_A_N_C7,210,3.503999948501587,0.5939105749130249,7,kp7,40,val
01946_Y_A_N_C7,252,4.203999996185303,0.5722280740737915,8,kp7,40,val
01946_Y_A_N_C7,204,3.4030001163482666,0.5625752806663513,9,kp7,40,val
01946_Y_A_N_C7,198,3.302999973297119,0.5191894769668579,10,kp7,40,val
01946_Y_A_N_C7,258,4.303999900817871,0.4287143647670746,11,kp7,40,val
01946_Y_A_N_C7,192,3.203000068664551,0.4235306680202484,12,kp7,40,val
02057_H_A_N_C7,186,3.1029999256134033,0.672082781791687,1,kp7,40,val
02057_H_A_N_C7,192,3.203000068664551,0.655616283416748,2,kp7,40,val
02057_H_A_N_C7,198,3.302999973297119,0.6361713409423828,3,kp7,40,val
02057_H_A_N_C7,294,4.90500020980835,0.606511116027832,4,kp7,40,val
02057_H_A_N_C7,228,3.803999900817871,0.6036784052848816,5,kp7,40,val
02057_H_A_N_C7,258,4.303999900817871,0.5862377882003784,6,kp7,40,val
02057_H_A_N_C7,222,3.7039999961853027,0.5819240212440491,7,kp7,40,val
02057_H_A_N_C7,234,3.9040000438690186,0.5760591626167297,8,kp7,40,val
02057_H_A_N_C7,252,4.203999996185303,0.572572648525238,9,kp7,40,val
02057_H_A_N_C7,204,3.4030001163482666,0.5722918510437012,10,kp7,40,val
02057_H_A_N_C7,216,3.6040000915527344,0.5587326884269714,11,kp7,40,val
02057_H_A_N_C7,210,3.503999948501587,0.5574035048484802,12,kp7,40,val
02057_H_A_N_C7,246,4.104000091552734,0.5573242902755737,13,kp7,40,val
02057_H_A_N_C7,240,4.004000186920166,0.5546385645866394,14,kp7,40,val
02057_H_A_N_C7,282,4.704999923706055,0.5447229146957397,15,kp7,40,val
02057_H_A_N_C7,276,4.605000019073486,0.537340521812439,16,kp7,40,val
02057_H_A_N_C7,288,4.804999828338623,0.5239480137825012,17,kp7,40,val
02057_H_A_N_C7,180,3.003000020980835,0.5090068578720093,18,kp7,40,val
02057_H_A_N_C7,264,4.4039998054504395,0.5068525075912476,19,kp7,40,val
02057_H_A_N_C7,300,5.005000114440918,0.5012966394424438,20,kp7,40,val
02057_H_A_N_C7,270,4.505000114440918,0.4944978654384613,21,kp7,40,val
02057_H_A_N_C7,306,5.105000019073486,0.489250510931015,22,kp7,40,val
02057_H_A_N_C7,312,5.204999923706055,0.4842895567417145,23,kp7,40,val
02057_H_A_N_C7,318,5.304999828338623,0.4403836727142334,24,kp7,40,val
02185_H_A_N_C6,288,4.804999828338623,0.7282755970954895,1,kp7,40,val
02185_H_A_N_C6,306,5.105000019073486,0.7253842949867249,2,kp7,40,val
02185_H_A_N_C6,300,5.005000114440918,0.6840640902519226,3,kp7,40,val
02185_H_A_N_C6,276,4.605000019073486,0.6751887202262878,4,kp7,40,val
02185_H_A_N_C6,294,4.90500020980835,0.6603744626045227,5,kp7,40,val
02185_H_A_N_C6,282,4.704999923706055,0.656679630279541,6,kp7,40,val
02185_H_A_N_C6,270,4.505000114440918,0.6414921879768372,7,kp7,40,val
02185_H_A_N_C6,264,4.4039998054504395,0.5892783403396606,8,kp7,40,val
02185_H_A_N_C6,312,5.204999923706055,0.5535120964050293,9,kp7,40,val
02185_H_A_N_C6,258,4.303999900817871,0.5220503807067871,10,kp7,40,val
02185_H_A_N_C6,252,4.203999996185303,0.5093291997909546,11,kp7,40,val
02185_H_A_N_C6,246,4.104000091552734,0.501244068145752,12,kp7,40,val
02185_H_A_N_C6,318,5.304999828338623,0.4885505139827728,13,kp7,40,val
02185_H_A_N_C6,240,4.004000186920166,0.47173139452934265,14,kp7,40,val
02185_H_A_N_C6,324,5.40500020980835,0.4403734505176544,15,kp7,40,val
02185_H_A_N_C6,234,3.9040000438690186,0.42511871457099915,16,kp7,40,val
02193_H_A_N_C7,234,3.9040000438690186,0.8751729726791382,1,kp7,40,val
02193_H_A_N_C7,240,4.004000186920166,0.8383997082710266,2,kp7,40,val
02193_H_A_N_C7,228,3.803999900817871,0.7704041004180908,3,kp7,40,val
02193_H_A_N_C7,222,3.7039999961853027,0.5796888470649719,4,kp7,40,val
02193_H_A_N_C7,246,4.104000091552734,0.5482820272445679,5,kp7,40,val
02193_H_A_N_C7,216,3.6040000915527344,0.4904199242591858,6,kp7,40,val
02193_H_A_N_C7,252,4.203999996185303,0.4892359673976898,7,kp7,40,val
02193_H_A_N_C7,258,4.303999900817871,0.46053048968315125,8,kp7,40,val
02193_H_A_N_C7,264,4.4039998054504395,0.40272656083106995,9,kp7,40,val
02193_H_A_N_C7,210,3.503999948501587,0.3965243399143219,10,kp7,40,val
02266_H_A_N_C6,264,4.4039998054504395,0.891103982925415,1,kp7,40,val
02266_H_A_N_C6,258,4.303999900817871,0.8451452851295471,2,kp7,40,val
02266_H_A_N_C6,270,4.505000114440918,0.7723678350448608,3,kp7,40,val
02266_H_A_N_C6,252,4.203999996185303,0.7349730730056763,4,kp7,40,val
02266_H_A_N_C6,276,4.605000019073486,0.6963219046592712,5,kp7,40,val
02266_H_A_N_C6,246,4.104000091552734,0.6148906946182251,6,kp7,40,val
02266_H_A_N_C6,282,4.704999923706055,0.5393027067184448,7,kp7,40,val
02266_H_A_N_C6,240,4.004000186920166,0.4119100868701935,8,kp7,40,val
02266_H_A_N_C6,234,3.9040000438690186,0.39475464820861816,9,kp7,40,val
02266_H_A_N_C6,288,4.804999828338623,0.3734833598136902,10,kp7,40,val
02274_H_A_N_C5,186,3.1029999256134033,0.8074095845222473,1,kp7,40,val
02274_H_A_N_C5,180,3.003000020980835,0.8011189699172974,2,kp7,40,val
02274_H_A_N_C5,192,3.203000068664551,0.7337262630462646,3,kp7,40,val
02274_H_A_N_C5,198,3.302999973297119,0.6777116656303406,4,kp7,40,val
02274_H_A_N_C5,282,4.704999923706055,0.6531834602355957,5,kp7,40,val
02274_H_A_N_C5,204,3.4030001163482666,0.6509371399879456,6,kp7,40,val
02274_H_A_N_C5,210,3.503999948501587,0.6325711607933044,7,kp7,40,val
02274_H_A_N_C5,216,3.6040000915527344,0.6153085231781006,8,kp7,40,val
02274_H_A_N_C5,222,3.7039999961853027,0.6024388670921326,9,kp7,40,val
02274_H_A_N_C5,228,3.803999900817871,0.5939257740974426,10,kp7,40,val
02274_H_A_N_C5,234,3.9040000438690186,0.5835349559783936,11,kp7,40,val
02274_H_A_N_C5,288,4.804999828338623,0.5832388401031494,12,kp7,40,val
02274_H_A_N_C5,240,4.004000186920166,0.5695204734802246,13,kp7,40,val
02274_H_A_N_C5,252,4.203999996185303,0.5674995183944702,14,kp7,40,val
02274_H_A_N_C5,246,4.104000091552734,0.5628584623336792,15,kp7,40,val
02274_H_A_N_C5,258,4.303999900817871,0.5523285865783691,16,kp7,40,val
02274_H_A_N_C5,264,4.4039998054504395,0.527305543422699,17,kp7,40,val
02274_H_A_N_C5,276,4.605000019073486,0.5156248807907104,18,kp7,40,val
02274_H_A_N_C5,270,4.505000114440918,0.49409231543540955,19,kp7,40,val
02274_H_A_N_C5,294,4.90500020980835,0.48855841159820557,20,kp7,40,val
02293_H_A_N_C8,276,4.605000019073486,0.9263002872467041,1,kp7,40,val
02293_H_A_N_C8,282,4.704999923706055,0.9231811165809631,2,kp7,40,val
02293_H_A_N_C8,270,4.505000114440918,0.921643853187561,3,kp7,40,val
02293_H_A_N_C8,288,4.804999828338623,0.9214408993721008,4,kp7,40,val
02293_H_A_N_C8,264,4.4039998054504395,0.9134060740470886,5,kp7,40,val
02293_H_A_N_C8,294,4.90500020980835,0.9133780002593994,6,kp7,40,val
02293_H_A_N_C8,312,5.204999923706055,0.9124654531478882,7,kp7,40,val
02293_H_A_N_C8,318,5.304999828338623,0.9124312400817871,8,kp7,40,val
02293_H_A_N_C8,306,5.105000019073486,0.9076710939407349,9,kp7,40,val
02293_H_A_N_C8,300,5.005000114440918,0.9057743549346924,10,kp7,40,val
02293_H_A_N_C8,324,5.40500020980835,0.9022379517555237,11,kp7,40,val
02293_H_A_N_C8,330,5.50600004196167,0.8792998194694519,12,kp7,40,val
02293_H_A_N_C8,336,5.605999946594238,0.8543453812599182,13,kp7,40,val
02293_H_A_N_C8,246,4.104000091552734,0.8307622671127319,14,kp7,40,val
02293_H_A_N_C8,258,4.303999900817871,0.8233211636543274,15,kp7,40,val
02293_H_A_N_C8,252,4.203999996185303,0.8205433487892151,16,kp7,40,val
02293_H_A_N_C8,240,4.004000186920166,0.8099833726882935,17,kp7,40,val
02293_H_A_N_C8,342,5.705999851226807,0.792463481426239,18,kp7,40,val
02293_H_A_N_C8,354,5.906000137329102,0.7767466306686401,19,kp7,40,val
02293_H_A_N_C8,348,5.806000232696533,0.7703765034675598,20,kp7,40,val
02293_H_A_N_C8,360,6.00600004196167,0.6752398014068604,21,kp7,40,val
02293_H_A_N_C8,234,3.9040000438690186,0.6616671085357666,22,kp7,40,val
02293_H_A_N_C8,366,6.105999946594238,0.6250042915344238,23,kp7,40,val
02293_H_A_N_C8,372,6.205999851226807,0.5486621856689453,24,kp7,40,val
02293_H_A_N_C8,210,3.503999948501587,0.5075339674949646,25,kp7,40,val
02293_H_A_N_C8,228,3.803999900817871,0.5004536509513855,26,kp7,40,val
02293_H_A_N_C8,204,3.4030001163482666,0.4925827085971832,27,kp7,40,val
02293_H_A_N_C8,216,3.6040000915527344,0.48502591252326965,28,kp7,40,val
02293_H_A_N_C8,378,6.306000232696533,0.4402695298194885,29,kp7,40,val
02293_H_A_N_C8,198,3.302999973297119,0.4111654758453369,30,kp7,40,val
02409_H_A_N_C8,414,6.900000095367432,0.8190293908119202,1,kp7,40,val
02409_H_A_N_C8,420,7.0,0.8159418106079102,2,kp7,40,val
02409_H_A_N_C8,408,6.800000190734863,0.762033224105835,3,kp7,40,val
02409_H_A_N_C8,402,6.699999809265137,0.6563116908073425,4,kp7,40,val
02409_H_A_N_C8,396,6.599999904632568,0.5515204668045044,5,kp7,40,val
02409_H_A_N_C8,390,6.5,0.5286359190940857,6,kp7,40,val
02409_H_A_N_C8,384,6.400000095367432,0.307986319065094,7,kp7,40,val
02409_H_A_N_C8,360,6.0,0.3019522428512573,8,kp7,40,val
02409_H_A_N_C8,288,4.800000190734863,0.2807348966598511,9,kp7,40,val
02409_H_A_N_C8,282,4.699999809265137,0.25438451766967773,10,kp7,40,val
02413_H_A_N_C8,180,3.0,0.9107035398483276,1,kp7,40,val
02413_H_A_N_C8,186,3.0999999046325684,0.9065661430358887,2,kp7,40,val
02413_H_A_N_C8,192,3.200000047683716,0.8723984360694885,3,kp7,40,val
02413_H_A_N_C8,198,3.299999952316284,0.8329614400863647,4,kp7,40,val
02413_H_A_N_C8,204,3.4000000953674316,0.8220432996749878,5,kp7,40,val
02413_H_A_N_C8,210,3.5,0.7780933380126953,6,kp7,40,val
02413_H_A_N_C8,216,3.5999999046325684,0.6286220550537109,7,kp7,40,val
02413_H_A_N_C8,222,3.700000047683716,0.5432367324829102,8,kp7,40,val
02413_H_A_N_C8,228,3.799999952316284,0.4631297290325165,9,kp7,40,val
02413_H_A_N_C8,234,3.9000000953674316,0.4484686851501465,10,kp7,40,val
02413_H_A_N_C8,240,4.0,0.4411442279815674,11,kp7,40,val
02413_H_A_N_C8,258,4.300000190734863,0.41969192028045654,12,kp7,40,val
02465_H_A_N_C8,180,3.0,0.7937107086181641,1,kp7,40,val
02465_H_A_N_C8,186,3.0999999046325684,0.767358124256134,2,kp7,40,val
02465_H_A_N_C8,192,3.200000047683716,0.7451390624046326,3,kp7,40,val
02465_H_A_N_C8,198,3.299999952316284,0.7197578549385071,4,kp7,40,val
02465_H_A_N_C8,204,3.4000000953674316,0.7008826732635498,5,kp7,40,val
02465_H_A_N_C8,246,4.099999904632568,0.6985798478126526,6,kp7,40,val
02465_H_A_N_C8,210,3.5,0.6922483444213867,7,kp7,40,val
02465_H_A_N_C8,216,3.5999999046325684,0.6630238890647888,8,kp7,40,val
02465_H_A_N_C8,252,4.199999809265137,0.656987190246582,9,kp7,40,val
02465_H_A_N_C8,222,3.700000047683716,0.6552523970603943,10,kp7,40,val
02465_H_A_N_C8,240,4.0,0.6543048024177551,11,kp7,40,val
02465_H_A_N_C8,228,3.799999952316284,0.6282498240470886,12,kp7,40,val
02465_H_A_N_C8,234,3.9000000953674316,0.58050137758255,13,kp7,40,val
02465_H_A_N_C8,258,4.300000190734863,0.5719848275184631,14,kp7,40,val
02465_H_A_N_C8,264,4.400000095367432,0.4443260729312897,15,kp7,40,val
02497_H_A_N_C7,276,4.599999904632568,0.7200811505317688,1,kp7,40,val
02497_H_A_N_C7,270,4.5,0.67585289478302,2,kp7,40,val
02497_H_A_N_C7,246,4.099999904632568,0.646766185760498,3,kp7,40,val
02497_H_A_N_C7,240,4.0,0.6396803259849548,4,kp7,40,val
02497_H_A_N_C7,282,4.699999809265137,0.6383414268493652,5,kp7,40,val
02497_H_A_N_C7,252,4.199999809265137,0.6369451880455017,6,kp7,40,val
02497_H_A_N_C7,264,4.400000095367432,0.6143554449081421,7,kp7,40,val
02497_H_A_N_C7,258,4.300000190734863,0.6128328442573547,8,kp7,40,val
02497_H_A_N_C7,192,3.200000047683716,0.6077091097831726,9,kp7,40,val
02497_H_A_N_C7,234,3.9000000953674316,0.6020539402961731,10,kp7,40,val
02497_H_A_N_C7,186,3.0999999046325684,0.5945514440536499,11,kp7,40,val
02497_H_A_N_C7,216,3.5999999046325684,0.5844722986221313,12,kp7,40,val
02497_H_A_N_C7,222,3.700000047683716,0.5830686688423157,13,kp7,40,val
02497_H_A_N_C7,228,3.799999952316284,0.5809935331344604,14,kp7,40,val
02497_H_A_N_C7,210,3.5,0.5789515972137451,15,kp7,40,val
02497_H_A_N_C7,198,3.299999952316284,0.5763763785362244,16,kp7,40,val
02497_H_A_N_C7,204,3.4000000953674316,0.5701261162757874,17,kp7,40,val
02497_H_A_N_C7,288,4.800000190734863,0.5693780183792114,18,kp7,40,val
02497_H_A_N_C7,300,5.0,0.5036424398422241,19,kp7,40,val
02497_H_A_N_C7,306,5.099999904632568,0.4658825397491455,20,kp7,40,val
02497_H_A_N_C7,294,4.900000095367432,0.4325205385684967,21,kp7,40,val
02497_H_A_N_C7,312,5.199999809265137,0.42729708552360535,22,kp7,40,val
02497_H_A_N_C7,318,5.300000190734863,0.4052041172981262,23,kp7,40,val
02498_H_A_N_C8,276,4.599999904632568,0.5613126754760742,1,kp7,40,val
02498_H_A_N_C8,270,4.5,0.5611771941184998,2,kp7,40,val
02498_H_A_N_C8,264,4.400000095367432,0.5271621942520142,3,kp7,40,val
02498_H_A_N_C8,252,4.199999809265137,0.5226696133613586,4,kp7,40,val
02498_H_A_N_C8,246,4.099999904632568,0.5216166377067566,5,kp7,40,val
02498_H_A_N_C8,258,4.300000190734863,0.5143508315086365,6,kp7,40,val
02498_H_A_N_C8,240,4.0,0.511674165725708,7,kp7,40,val
02498_H_A_N_C8,282,4.699999809265137,0.5068584680557251,8,kp7,40,val
02498_H_A_N_C8,234,3.9000000953674316,0.49757009744644165,9,kp7,40,val
02498_H_A_N_C8,288,4.800000190734863,0.4944362938404083,10,kp7,40,val
02498_H_A_N_C8,294,4.900000095367432,0.4917847216129303,11,kp7,40,val
02498_H_A_N_C8,228,3.799999952316284,0.4826604723930359,12,kp7,40,val
02498_H_A_N_C8,300,5.0,0.47513124346733093,13,kp7,40,val
02498_H_A_N_C8,222,3.700000047683716,0.4619726240634918,14,kp7,40,val
02498_H_A_N_C8,186,3.0999999046325684,0.45752277970314026,15,kp7,40,val
02498_H_A_N_C8,306,5.099999904632568,0.45369449257850647,16,kp7,40,val
02498_H_A_N_C8,192,3.200000047683716,0.4496762454509735,17,kp7,40,val
02498_H_A_N_C8,216,3.5999999046325684,0.4388430118560791,18,kp7,40,val
02498_H_A_N_C8,198,3.299999952316284,0.4350309371948242,19,kp7,40,val
02498_H_A_N_C8,204,3.4000000953674316,0.4292459487915039,20,kp7,40,val
02498_H_A_N_C8,180,3.0,0.4280029833316803,21,kp7,40,val
02498_H_A_N_C8,210,3.5,0.4268568158149719,22,kp7,40,val
02527_H_A_N_C6,198,3.299999952316284,0.7405796647071838,1,kp7,40,val
02527_H_A_N_C6,192,3.200000047683716,0.7382860779762268,2,kp7,40,val
02527_H_A_N_C6,204,3.4000000953674316,0.7380537390708923,3,kp7,40,val
02527_H_A_N_C6,186,3.0999999046325684,0.7264028191566467,4,kp7,40,val
02527_H_A_N_C6,210,3.5,0.7196249961853027,5,kp7,40,val
02527_H_A_N_C6,216,3.5999999046325684,0.7116255760192871,6,kp7,40,val
02527_H_A_N_C6,180,3.0,0.7108942866325378,7,kp7,40,val
02527_H_A_N_C6,222,3.700000047683716,0.6837878227233887,8,kp7,40,val
02527_H_A_N_C6,228,3.799999952316284,0.6545282006263733,9,kp7,40,val
02527_H_A_N_C6,234,3.9000000953674316,0.6419417858123779,10,kp7,40,val
02527_H_A_N_C6,240,4.0,0.5458022356033325,11,kp7,40,val
02527_H_A_N_C6,252,4.199999809265137,0.45897507667541504,12,kp7,40,val
02527_H_A_N_C6,246,4.099999904632568,0.43069902062416077,13,kp7,40,val
02527_H_A_N_C6,258,4.300000190734863,0.4059845805168152,14,kp7,40,val
02531_H_A_N_C8,180,3.0,0.7518281936645508,1,kp7,40,val
02531_H_A_N_C8,186,3.0999999046325684,0.6785731911659241,2,kp7,40,val
02531_H_A_N_C8,192,3.200000047683716,0.5774261355400085,3,kp7,40,val
02531_H_A_N_C8,198,3.299999952316284,0.47365814447402954,4,kp7,40,val
02531_H_A_N_C8,204,3.4000000953674316,0.39449259638786316,5,kp7,40,val
02531_H_A_N_C8,210,3.5,0.3343864977359772,6,kp7,40,val
02531_H_A_N_C8,216,3.5999999046325684,0.2760726511478424,7,kp7,40,val
02531_H_A_N_C8,222,3.700000047683716,0.20836490392684937,8,kp7,40,val
02531_H_A_N_C8,348,5.800000190734863,0.16104398667812347,9,kp7,40,val
02531_H_A_N_C8,408,6.800000190734863,0.15246394276618958,10,kp7,40,val
02553_H_D_N_C5,282,4.704999923706055,0.7395997643470764,1,kp7,40,val
02553_H_D_N_C5,288,4.804999828338623,0.7071274518966675,2,kp7,40,val
02553_H_D_N_C5,294,4.90500020980835,0.6930170059204102,3,kp7,40,val
02553_H_D_N_C5,276,4.605000019073486,0.6902585029602051,4,kp7,40,val
02553_H_D_N_C5,270,4.505000114440918,0.6705694794654846,5,kp7,40,val
02553_H_D_N_C5,300,5.005000114440918,0.6487165093421936,6,kp7,40,val
02553_H_D_N_C5,264,4.4039998054504395,0.6442418694496155,7,kp7,40,val
02553_H_D_N_C5,306,5.105000019073486,0.6013455986976624,8,kp7,40,val
02553_H_D_N_C5,258,4.303999900817871,0.5982884764671326,9,kp7,40,val
02553_H_D_N_C5,252,4.203999996185303,0.5645446181297302,10,kp7,40,val
02553_H_D_N_C5,312,5.204999923706055,0.5414212942123413,11,kp7,40,val
02553_H_D_N_C5,246,4.104000091552734,0.5404029488563538,12,kp7,40,val
02553_H_D_N_C5,240,4.004000186920166,0.5221893787384033,13,kp7,40,val
02553_H_D_N_C5,234,3.9040000438690186,0.5154314637184143,14,kp7,40,val
02553_H_D_N_C5,228,3.803999900817871,0.5053905248641968,15,kp7,40,val
02553_H_D_N_C5,222,3.7039999961853027,0.48784032464027405,16,kp7,40,val
02553_H_D_N_C5,216,3.6040000915527344,0.46650832891464233,17,kp7,40,val
02553_H_D_N_C5,318,5.304999828338623,0.4526206851005554,18,kp7,40,val
02553_H_D_N_C5,210,3.503999948501587,0.42150479555130005,19,kp7,40,val
02669_H_A_N_C6,180,3.0,0.9705984592437744,1,kp7,40,val
02669_H_A_N_C6,186,3.0999999046325684,0.9650579690933228,2,kp7,40,val
02669_H_A_N_C6,192,3.200000047683716,0.9572873115539551,3,kp7,40,val
02669_H_A_N_C6,198,3.299999952316284,0.9509643912315369,4,kp7,40,val
02669_H_A_N_C6,204,3.4000000953674316,0.946769654750824,5,kp7,40,val
02669_H_A_N_C6,210,3.5,0.9421255588531494,6,kp7,40,val
02669_H_A_N_C6,246,4.099999904632568,0.9372760057449341,7,kp7,40,val
02669_H_A_N_C6,252,4.199999809265137,0.9337786436080933,8,kp7,40,val
02669_H_A_N_C6,240,4.0,0.9334461688995361,9,kp7,40,val
02669_H_A_N_C6,216,3.5999999046325684,0.9310212135314941,10,kp7,40,val
02669_H_A_N_C6,234,3.9000000953674316,0.9203491806983948,11,kp7,40,val
02669_H_A_N_C6,222,3.700000047683716,0.9167454838752747,12,kp7,40,val
02669_H_A_N_C6,258,4.300000190734863,0.9160628318786621,13,kp7,40,val
02669_H_A_N_C6,228,3.799999952316284,0.910208523273468,14,kp7,40,val
02669_H_A_N_C6,264,4.400000095367432,0.8325108885765076,15,kp7,40,val
02669_H_A_N_C6,270,4.5,0.6374052166938782,16,kp7,40,val
02669_H_A_N_C6,276,4.599999904632568,0.49941086769104004,17,kp7,40,val
